use  mydb;

-- table 1

INSERT INTO t3_INCIDENT VALUES('30105','Fire','2011-10-03','Sparks from tear in the electric wiring systems are not covered in insurance');
INSERT INTO t3_INCIDENT VALUES('30112','Theft','2003-10-07','Insurers will pay an amount equal to declared value of insured bike in case of theft.');
INSERT INTO t3_INCIDENT VALUES('30103','Collision Coverage','2004-08-23','100% of the sum insured is offered on the accidental death of the insured person.');
INSERT INTO t3_INCIDENT VALUES('30107','Lightning','2006-08-15','Under The policy of Standard Fire and Special Perils Policy Coverage you can claim the Damage coverages');
INSERT INTO t3_INCIDENT VALUES('30101','Faulty ignition','2006-11-14','Third-party car insurance cover will pay for any fiscal liability');
INSERT INTO t3_INCIDENT VALUES('30119','External explosion','2008-05-23','Most home and contents insurance covers you for damage caused by fire, including bushfire');
INSERT INTO t3_INCIDENT VALUES('30104','Burglary','2009-10-15', 'Insurers will pay an amount equal to declared value of insured bike in case of theft.');
INSERT INTO t3_INCIDENT VALUES('30108','Wildfire','2012-03-02', 'Insurance contract safeguards the insured against unforeseen contingency caused by accidental fire, lightning, explosion/implosion, destruction or damage caused by aerial devices, man made perils');
INSERT INTO t3_INCIDENT VALUES('30109','Mechanical breakdown','2014-01-07','Equipment breakdown coverage.');
INSERT INTO t3_INCIDENT VALUES('30110','Drunk Driving victim','2014-01-20','Driving under the influence of alcohol or drugs is illegal obviously');
INSERT INTO t3_INCIDENT VALUES('30117','Natural disaster','2014-11-21','A comprehensive car insurance policy provides coverage against damages or losses caused due to almost all natural disasters');
INSERT INTO t3_INCIDENT VALUES('30102','Auto liability coverage','2015-04-09','Liability insurance is a part of the general insurance system of risk financing');
INSERT INTO t3_INCIDENT VALUES('30113','Floods Damage','2015-11-17', 'Add on cover called Engine Protection to cover the losses to engine due to flood water.');
INSERT INTO t3_INCIDENT VALUES('30114','Comprehensive Insurance','2016-04-04','provides the minimal required coverage of losses related to a third-party.');
INSERT INTO t3_INCIDENT VALUES('30115','Aggravated damage','2017-07-28','Aggravated damages are the special and highly exceptional damages awarded on a defendant by a court');
INSERT INTO t3_INCIDENT VALUES('30116','Windshield damage','2013-06-15','The windshield of your car may break or have a crack as a result of a collision or non-collision');
INSERT INTO t3_INCIDENT VALUES('30111','Personal Injury','2019-01-01','Personal injury protection will cover all the costs associated with the accident');
INSERT INTO t3_INCIDENT VALUES('30118','Weather damage','2019-07-09','The comprehensive policy will cover various aspects which are outside the purview of the collision of the vehicle');
INSERT INTO t3_INCIDENT VALUES('30106', 'Mechanical breakdown','2019-08-19','If your vehicle stops in the middle of the roadthe insurance company will come to your rescue');
INSERT INTO t3_INCIDENT VALUES('30120','Engine damage','2019-10-21','The damage of the engine due to various reasons will be replaced when you subscribe to the engine replacement coverage');



-- table 2

INSERT INTO t3_CUSTOMER VALUES (30201, 'Amitabh', 'Paliwal', '1994-09-06', 'M','Haldwani',6963456969,'mail904@company.com', 9103258395, 'Single', 26 );
INSERT INTO t3_CUSTOMER VALUES (30217, 'Souvik ', 'Das ','1989-12-04' , 'M','Kolkata ',9697643296 ,'mail399@company.com ', 6583943462, 'Married ', 31 );
INSERT INTO t3_CUSTOMER VALUES (30215, 'Derik  ', 'Litten  ','1999-07-29' ,'M','Bangalore ',8007548394 ,'mail480@company.com ', 7645758366,'Divorced', 21);
INSERT INTO t3_CUSTOMER VALUES (30214, 'Sahana  ', 'NH  ','1998-07-23' ,'F','Mumbai ',8307468394 ,'mail384@company.com ', 7666756364,'Single', 22);
INSERT INTO t3_CUSTOMER VALUES (30210, 'Mohammad ', 'Rayhaan  ','1979-04-23' ,'M','Vizag ',4007568394 ,'mail758@company.com ', 7666651264,'Divorced', 41);
INSERT INTO t3_CUSTOMER VALUES (30206, 'Paras ', 'Dumka  ','1969-05-23 ','M','Lucknow ',6007568394 ,'mail0834@company.com ', 4596658364,'Divorced', 51);
INSERT INTO t3_CUSTOMER VALUES (30207, 'Sunny  ', 'Gupta  ','1974-06-23' ,'M','Surat ',7007568394 ,'mail0842@company.com ', 7496126664,'Married', 45);
INSERT INTO t3_CUSTOMER VALUES (30208, 'Shivang  ', 'Bisht  ','1969-07-23' ,'M','Bangalore ',9007568394 ,'mail0732@company.com ', 7496546564,'Divorced', 51);
INSERT INTO t3_CUSTOMER VALUES (30209, 'Manal  ', 'Khan ','1989-08-23 ','M','Bangalore ',8807568394 ,'mail0731@company.com ', 8496758664,'Divorced', 31);
INSERT INTO t3_CUSTOMER VALUES (30205, 'Divyani  ', 'Jha  ','1998-09-23' ,'F','Bangalore ',9907568394 ,'mail0743@company.com ', 9496658064,'Single', 22);
INSERT INTO t3_CUSTOMER VALUES (30211, 'Aakriti  ', 'Pant  ','1999-07-23' ,'F','Hyderabad ',7707568394 ,'mail0451@company.com ', 7696658364,'Single', 21);
INSERT INTO t3_CUSTOMER VALUES (30219, 'Diksha  ', 'Chatterjee  ','1997-10-23' ,'F','Faridabad ',6607568394 ,'mail0843@company.com ', 6998758364,'Single', 23);
INSERT INTO t3_CUSTOMER VALUES (30213, 'Ila  ', 'Kholia  ','1988-11-23' ,'F','Pune ',5507568394 ,'mail042@company.com ', 6406758364,'Married', 32);
INSERT INTO t3_CUSTOMER VALUES (30204, 'Bhavbhuti ', ' Pande ','1999-12-23' ,'M','Bangalore ',4407568394 ,'mail041@company.com ', 7256765364,'Single', 21);
INSERT INTO t3_CUSTOMER VALUES (30203, 'Deepak ', 'Gupta  ','1999-07-23' ,'M','Bangalore ',3307568394 ,'mail0843@company.com ', 7396700364,'Single', 21);
INSERT INTO t3_CUSTOMER VALUES (30216, 'Yashvi ', 'Mehta  ','1989-10-23' ,'F','Lucknow ',2207568394 ,'mail08s423@company.com ', 7016758364,'Single', 31);
INSERT INTO t3_CUSTOMER VALUES (30202, 'Rohit ', 'Roy  ','2000-07-23' ,'M','Pune ',1107568394 ,'mail0342182@company.com ', 8126759364,'Single', 20);
INSERT INTO t3_CUSTOMER VALUES (30218, 'Sunny  ', 'Raj  ','1999-07-23' ,'M','Bangalore ',1007568394 ,'mail0823422@company.com ', 7236758364,'Single', 21);
INSERT INTO t3_CUSTOMER VALUES (30212, 'Aditi  ', 'Singhal  ','1967-07-23' ,'F','Lucknow ',1107568394 ,'mail084322@company.com ', 7442458364,'Married', 53);
INSERT INTO t3_CUSTOMER VALUES (30220, 'Derik  ', 'Litten  ','1979-07-23' ,'M','Pune ',2107568394 ,'mail084232@company.com ', 7496208364,'Divorced', 41);


-- table 3

INSERT INTO t3_INCIDENT_REPORT  VALUES('30301','Fire','Anand',25000,'Shortcircuit in console','30105','30201');
INSERT INTO t3_INCIDENT_REPORT  VALUES('30302','Theft','Satish',400000,'Stolen','30112','30217');
INSERT INTO t3_INCIDENT_REPORT  VALUES('30303','Collision Coverage','Zaid',18000,'Bumper damaged in collision','30103','30215');
INSERT INTO t3_INCIDENT_REPORT  VALUES('30304','Lightning','Reha',35000,'Car hit by lightning','30107','30214');
INSERT INTO t3_INCIDENT_REPORT  VALUES('30305','Faulty ignition','Ayush',21000,'The car has a malfunctioning ignition','30101','30210');
INSERT INTO t3_INCIDENT_REPORT  VALUES('30306','External explosion','Srishti',80000,'Vehicle caught fire and exploded ','30119','30206');
INSERT INTO t3_INCIDENT_REPORT  VALUES('30307','Burglary','Shikha',100000,'Parts stolen','30104','30207');
INSERT INTO t3_INCIDENT_REPORT  VALUES('30308','Wildfire','Ajith',500000,'Vehicle damaged in wildfire','30108','30208');
INSERT INTO t3_INCIDENT_REPORT  VALUES('30309','Mechanical breakdown','Mayank',55000,'Axle broke down','30109','30209');
INSERT INTO t3_INCIDENT_REPORT  VALUES('30310','Drunk Driving victim','Hitesh',89000,'Drunk driver crashed and caused damage','30110','30205');
INSERT INTO t3_INCIDENT_REPORT  VALUES('30311','Natural disaster','Kamal',2500000,'Damaged in a cyclone','30117','30211');
INSERT INTO t3_INCIDENT_REPORT  VALUES('30312','Auto liability coverage','Jagandeep',250000,'Vehicle caused damage to other vehicles','30102','30219');
INSERT INTO t3_INCIDENT_REPORT  VALUES('30313','Floods Damage','Shanu',1500000,'Submerged car does not start','30113','30213');
INSERT INTO t3_INCIDENT_REPORT  VALUES('30314','Comprehensive Insurance','Ajmal',250000,'Insurance plan that covers the insured person against both, own damages and any third party liabilities','30114','30204');
INSERT INTO t3_INCIDENT_REPORT  VALUES('30315','Aggravated damage','Sundar',17000,'Vehicle damaged by jilted lover','30115','30203');
INSERT INTO t3_INCIDENT_REPORT  VALUES('30316','Windshield damage','Kalyan',16000,'Windshield cracked','30116','30216');
INSERT INTO t3_INCIDENT_REPORT  VALUES('30317','Personal Injury','Ishita',650000,'in accident person was injured severely','30111','30202');
INSERT INTO t3_INCIDENT_REPORT  VALUES('30318','Weather damage','Digvijay',150000,'Car does not start after a cold wave ','30118','30218');
INSERT INTO t3_INCIDENT_REPORT  VALUES('30319','Mechanical Breakdown','Shrikanth',13000,'Battery stopped functioning','30106','30212');
INSERT INTO t3_INCIDENT_REPORT  VALUES('30320','Engine damage','Jaynit',55000,'Poor quality fuel caused engine damage','30120','30220');

-- table 4

INSERT INTO t3_INSURANCE_COMPANY VALUES(' Bajaj Allianz Vehicle Insurance Company Limited','Hno 6-130, 1st Floor Above ING Vysya Bank Market Road Adilabad Mancherial Andhra Pradesh Telangana',18002097272,02066026789,'customercare@bajajallianz.co.in','https://www.bajajallianzVehicle.com','pune',' Bajaj Allianz Vehicle Insurance Co',' Bajaj Allianz Vehicle Insurance Co');
INSERT INTO t3_INSURANCE_COMPANY VALUES('Birla Sun Vehicle Insurance Company Limited','One World Center, Tower 1, 16th Floor, Jupiter Mill Compound, 841, Senapati Bapat Marg, Elphinstone Road, Mumbai',18002707000,18002707000,'care.Vehicleinsurance@adityabirlacapital.com','https://Vehicleinsurance.adityabirlacapital.com','Mumbai ','Birla Sun Vehicle Insurance ','Birla Sun Vehicle Insurance ');
INSERT INTO t3_INSURANCE_COMPANY VALUES('HDFC Vehicle Insurance Company Limited','Lodha Excelus, 13th Floor, Apollo Mills Compound, N.M. Joshi Marg, Mahalaxmi, Mumbai',18002649777,NULL,'buyonline@hdfcVehicle.in','https://www.hdfcVehicle.com/','Mumbai','hdfcVehicle','hdfcVehicle');
INSERT INTO t3_INSURANCE_COMPANY VALUES('ICICI Prudential Vehicle Insurance Company Limited','1089 Appasaheb Marathe Marg, Prabhadevi, Mumbai ',18602667766,02545465451,'icicipruVehicle@gmail.com','https://www.icicipruVehicle.com/','Mumbai',' ICICI PruVehicle',' ICICI PruVehicle');
INSERT INTO t3_INSURANCE_COMPANY VALUES('Exide Vehicle Insurance Company Limited','Registered Office: 3rd Floor, JP Techno Park, No. 3/1, Millers Road, Bangalore- 560 001, India.',180014141414,02215454515,'ExideVehicleInsurance@gmail.com','https://www.exideVehicle.in/','Mumbai','exidVehicleoffice','exideVehicle');
INSERT INTO t3_INSURANCE_COMPANY VALUES('Vehicle Insurance Corporation of India','2nd Floor Jagtial 505327',18005522552,021155779,'lic@gmail.com','www.lic.com','jagtial','licjagtial','licjag');
INSERT INTO t3_INSURANCE_COMPANY VALUES('Max Vehicle Insurance Company Limited','Max Vehicle Insurance Co. Ltd., 3rd, 11th and 12th Floor, DLF Square Building, Jacaranda Marg, DLF City Phase II, Gurugram (Haryana) - 122002',18601205577,122622020,'maxVehicle@help.com','maxVehicle.com','Gurugram','maxVehicleoffice','maxVehicleoffice');
INSERT INTO t3_INSURANCE_COMPANY VALUES('PNB MetVehicle India Insurance Company Limited','PNB Metife Insurance Company Limited 2nd Floor, Peninsula Tower, A Wing Peninsula Corp. Park, G. K. Marg Lower Parel, Mumbai - 400 013',1800754123127,5565454752020,'pnbmedVehicle@help.com','pnbmedVehicle.com', 'Mumbai','medVehicleoffice','pnbVehicleoffice');
INSERT INTO t3_INSURANCE_COMPANY VALUES('Kotak Vehicle Insurance Company Limited','Kotak Mahindra Vehicle Insurance Company Limited, Regd. Office: 2nd Floor, Plot # C- 12, G- Block, BKC, Bandra (E), Mumbai - 400 051',1800287867160,556622020,'KotakVehicleInsurance@help.com','KotakVehicleInsurance.com','Mumbai','kotakVehicleoffice','kotakVehicleoffice');
INSERT INTO t3_INSURANCE_COMPANY VALUES('SBI Vehicle Insurance Company Limited','SBI Vehicle Corporate Solutions. 7th Floor, "Natraj", MV Road & Western Express Highway Junction, Andheri (East) , Mumbai - 400 069',180571584020,5565871687,'sbiVehicle@help.com','sbiVehicle.com','Mumbai','sbiVehicleoffice','sbiVehicleoffice');
INSERT INTO t3_INSURANCE_COMPANY VALUES('Tata AIA Vehicle Insurance Company Limited','Floor, Tower A, Peninsula Business Park, Senapati Bapat Marg, Lower Parel, Mumbai 400013',1881784560,555444220220,'tataaia@help.com','tataVehicle.com','Mumbai','tataVehicleoffice','tataVehicleoffice');
INSERT INTO t3_INSURANCE_COMPANY VALUES('Reliance Vehicle Insurance Company Limited','Reliance Centre, 5th floor, Off Western Express Highway, Santacruz East, Mumbai, Mumbai-City district, Maharashtra-400055',18068168110020,55540542020,'relianceVehicle@help.com','relianceVehicle.com','Mumbai','relianceVehicleoffice','relianceVehicleoffice');
INSERT INTO t3_INSURANCE_COMPANY VALUES('Aviva Vehicle Insurance Company Limited','Towers, Sector Road, Opposite Golf Course, DLF Phase V, Sector 43, Gurgaon – 122003.',1858406843500,5684620,'aiaamaxVehicle@help.com','aviamaxVehicle.com','Gurgaon','aviamaxVehicleoffice','aviamaxVehicleoffice');
INSERT INTO t3_INSURANCE_COMPANY VALUES('Shriram Vehicle Insurance Company Limited','Bank Training Centre, Financial District, Gachibowli, Hyderabad, TG, India – 500032.',165806805520,5568470640620,'ShriramVehicle@help.com','ShriramVehicle.com','Hyderabad','ShriramVehicleoffice','ShriramVehicleoffice');
INSERT INTO t3_INSURANCE_COMPANY VALUES('Bharti AXA Vehicle Insurance Company Limited','130, Unit No. 1904, 19th Floor, Parinee Crescenzo, G Block, Bandra',18060565020,5505650022020,'BhartiVehicle@help.com','BhartiVehicle.com','Mumbai','BhartiVehicleoffice','BhartiVehicleoffice');
INSERT INTO t3_INSURANCE_COMPANY VALUES(' Future Generali India Vehicle Insurance Company Limited','1st Floor, 7-1-21A, Raj Bhavan Rd, opp. Vehiclestyle Building, beside Vinn Hospital APDL Estates, Begumpet, Hyderabad, Telangana 500016',18060505087610020,556806820,'FutureVehicle@help.com','FutureVehicle.com','Hyderabad','FutureVehicleoffice','FutureVehicleoffice');
INSERT INTO t3_INSURANCE_COMPANY VALUES('IDBI Federal Vehicle Insurance Company Limited','3-5-922 Sri Sai Balaji Residency, Near Narayanaguda Flyover, Hyderabad, Telangana 500029',6878605410620,68744545600,'IDBIFederalVehicle@help.com','IDBIFederalVehicle.com','Hyderabad','IDBI FederalVehicleoffice','IDBIFederalVehicleoffice');
INSERT INTO t3_INSURANCE_COMPANY VALUES(' Canara HSBC Oriental Bank of Commerce LIC Limited','206 & 207, 2nd Floor, Aditya Trade Center, 7-1-618, Ameerpet, Hyderabad, Telangana 500038',6804764554,184556622020,'CanaraVehicle@help.com','CanaraVehicle.com','Hyderabad','CanaraVehicleoffice','CanaraVehicleoffice');
INSERT INTO t3_INSURANCE_COMPANY VALUES('Aegon Vehicle Insurance Company Limited','206 & 207, 2nd Floor, Aditya Trade Center, 7-1-618, Ameerpet, Hyderabad, Telangana 500038',1900010020,5566565220,'AegonVehicle@help.com','AegonVehicle.com','Hyderabad','AegonVehicleoffice','AegonVehicleoffice');
INSERT INTO t3_INSURANCE_COMPANY VALUES('DLF Pramerica Vehicle Insurance Company Limited','Office No.501- 520, on 5th floor, Bezzola Complex C.H.S. Ltd., S. No. 237, C.S. No. 353, 352/2, 353/3, 353/4, Sion Trombay Road,',19010020010020,5566889020,'DLFVehicle@help.com','DLFVehicle.com','Sion','DLFVehicleoffice','DLFVehicleoffice');

-- table 5
INSERT INTO t3_DEPARTMENT VALUES 	
     ('Underwriting Department', '30501', 'Anand', ' Bajaj Allianz Vehicle Insurance Company Limited'),
     ('Claims Department', '30502', 'Satish', 'Birla Sun Vehicle Insurance Company Limited'),
     ('Legal Department', '30503', 'Ayush', 'HDFC Vehicle Insurance Company Limited'),
     ('Legal Department', '30504', 'Singhal ', 'ICICI Prudential Vehicle Insurance Company Limited'),
     ('Legal Department', '30505', 'Shikha', 'Exide Vehicle Insurance Company Limited'),
     ('Legal Department', '30506', 'Zaid', 'Kotak Vehicle Insurance Company Limited'),
     ('Audit Department', '30507', 'Udita','SBI Vehicle Insurance Company Limited'),
     ('Agency Department', '30508', 'Raghu', ' Future Generali India Vehicle Insurance Company Limited'),
     ('Marketing Department', '30509', 'Vishal', 'IDBI Federal Vehicle Insurance Company Limited'),
     ('Reinsurance Department', '30510', 'Ram',' Canara HSBC Oriental Bank of Commerce LIC Limited'),
     ('Audit Department', '30511', 'Krishna', 'Aegon Vehicle Insurance Company Limited'),
     ('Legal Department', '30512', 'Aniruddha', 'IDBI Federal Vehicle Insurance Company Limited'),
     ('Investment Department', '30513', 'Jaynit', 'IDBI Federal Vehicle Insurance Company Limited'),
     ('Accounting Department', '30514', 'Venkatesh', 'Shriram Vehicle Insurance Company Limited'),
     ('Actuarial and Statistical Department', '30515', 'Niharika', 'Shriram Vehicle Insurance Company Limited'),
     ('Underwriting Department', '30516', 'Prakash', 'Shriram Vehicle Insurance Company Limited'),
     ('Claims Department', '30517', 'Kamal', 'IDBI Federal Vehicle Insurance Company Limited'),
     ('Underwriting Department', '30518', 'Arjuna', ' Canara HSBC Oriental Bank of Commerce LIC Limited'),
	 ('Claims and audit Department', '30519', 'Praveen', 'Birla Sun Vehicle Insurance Company Limited'),
     ('Claims and audit loss Department', '30520', 'Praveen', 'Birla Sun Vehicle Insurance Company Limited'),
     ('Claims and audit profit Department', '30521', 'Prem', 'Birla Sun Vehicle Insurance Company Limited');
     
-- table 6
INSERT INTO t3_VEHICLE_SERVICE VALUES ('Underwriting Department','AB','Pune','9945610045','Anand','Full','30501', ' Bajaj Allianz Vehicle Insurance Company Limited');
INSERT INTO t3_VEHICLE_SERVICE VALUES     ('Claims Department','CD','Pune','9945610345', 'Satish','Temp','30502','Birla Sun Vehicle Insurance Company Limited');
INSERT INTO t3_VEHICLE_SERVICE VALUES     ('Legal Department','EF','Faridabad','9945610545','Ayush','Full','30503',  'HDFC Vehicle Insurance Company Limited');
INSERT INTO t3_VEHICLE_SERVICE VALUES     ('Legal Department','GH','Kolkata','9945610745','Singhal ','Temp','30504', 'ICICI Prudential Vehicle Insurance Company Limited');
INSERT INTO t3_VEHICLE_SERVICE VALUES     ('Legal Department','IJ','Delhi','9945610085', 'Shikha','Temp','30505',  'Exide Vehicle Insurance Company Limited');
INSERT INTO t3_VEHICLE_SERVICE VALUES     ('Legal Department','KL','Nagpur','9945630045','Zaid','Full','30506',  'Kotak Vehicle Insurance Company Limited');
INSERT INTO t3_VEHICLE_SERVICE VALUES     ('Audit Department','MN','Ooty','9945615045', 'Udita','Temp','30507', 'SBI Vehicle Insurance Company Limited');
INSERT INTO t3_VEHICLE_SERVICE VALUES     ('Agency Department','OP','Jaipur','9945110045', 'Raghu','Full','30508',' Future Generali India Vehicle Insurance Company Limited');
 INSERT INTO t3_VEHICLE_SERVICE VALUES    ('Marketing Department','QR','Raipur','8945610045','Vishal','Temp','30509',  'IDBI Federal Vehicle Insurance Company Limited');
 INSERT INTO t3_VEHICLE_SERVICE VALUES    ('Reinsurance Department','ST','Sitarganj','9946610045','Ram','Temp','30510', ' Canara HSBC Oriental Bank of Commerce LIC Limited');
 INSERT INTO t3_VEHICLE_SERVICE VALUES    ('Audit Department','UV','Kanpur','9945610040','Krishna','Full','30511','Aegon Vehicle Insurance Company Limited');
 INSERT INTO t3_VEHICLE_SERVICE VALUES    ('Legal Department','WX','Thal','9945610041','Aniruddha','Temp','30512',  'IDBI Federal Vehicle Insurance Company Limited');
 INSERT INTO t3_VEHICLE_SERVICE VALUES    ('Investment Department','YZ','Udupi','9945610043','Jaynit','Full','30513', 'IDBI Federal Vehicle Insurance Company Limited');
 INSERT INTO t3_VEHICLE_SERVICE VALUES    ('Accounting Department','AA','Yeswanthpur', '9945610044','Venkatesh','Temp','30514',  'Shriram Vehicle Insurance Company Limited');
INSERT INTO t3_VEHICLE_SERVICE VALUES     ('Actuarial and Statistical Department','BB','Hubli','9945610075', 'Niharika','Full','30515', 'Shriram Vehicle Insurance Company Limited');
INSERT INTO t3_VEHICLE_SERVICE VALUES     ('Underwriting Department','CC','Dharwad','9945610048', 'Prakash', 'Temp','30516', 'Shriram Vehicle Insurance Company Limited');
INSERT INTO t3_VEHICLE_SERVICE VALUES     ('Claims Department','DD','Chennai','9945610049','Kamal', 'Temp','30517', 'IDBI Federal Vehicle Insurance Company Limited');
 INSERT INTO t3_VEHICLE_SERVICE VALUES    ('Underwriting Department','EE','Rohtak','9945699045', 'Arjuna','Full','30518', ' Canara HSBC Oriental Bank of Commerce LIC LIMITED');

 -- table 7
INSERT INTO t3_VEHICLE VALUES ('30701', '5554500', 'UK 71 YU 9019', 1000000, '4 wheeler', 15.4, 4, 'Skoda', 31701, 32701, 991101, 'GTX-500100', '30208');
INSERT INTO t3_VEHICLE VALUES    ('30702', '5355192', 'UP 18 GH 5138', 500000, '4 wheeler', 12.8, 4, 'Tata', 31702, 32702, 801301, 'GTX-780100', '30211');
INSERT INTO t3_VEHICLE VALUES    ('30703', '2389893', 'UK 43 CX 5247', 75000, '2 wheeler', 12.8, 2, 'TVS', 31703, 32703, 20901, 'GTX-589900', '30210');
INSERT INTO t3_VEHICLE VALUES    ('30712', '6506290', 'UK 57 DW 3436', 1200000, '4 wheeler', 19.4, 6, 'Audi', 31704, 32704, 549101, 'GTX-487100', '30217');
INSERT INTO t3_VEHICLE VALUES    ('30705', '4503208', 'WB 12 EV 5245', 1690000, '4 wheeler', 25.4, 8, 'Mahindra', 31705, 32705, 994100, 'GTX-848500', '30205');
INSERT INTO t3_VEHICLE VALUES    ('30706', '4883265', 'UP 76 FU 4564', 80000, '2 wheeler', 15.4, 2, 'Hero', 31706, 32706, 991181, 'GTX-587533', '30203');
INSERT INTO t3_VEHICLE VALUES    ('30717', '4521534', 'MP 12 GT 3623', 900000, '4 wheeler', 19.4, 5, 'Mahindra', 31707, 32707, 799110, 'GTX-587130', '30213');
INSERT INTO t3_VEHICLE VALUES    ('30708', '3054515', 'UP 65 HS 2372', 759999, '4 wheeler', 15.4, 4, 'Skoda', 31708, 32708, 991171, 'GTX-503452', '30219');
INSERT INTO t3_VEHICLE VALUES    ('30715', '5685110', 'UK 13 IR 1281', 62000, '2 wheeler', 15.4, 2, 'TVS', 31709, 32709, 2990101, 'GTX-340100', '30216');
INSERT INTO t3_VEHICLE VALUES   ('30710', '8523190', 'RJ 23 JQ 0950', 2300000, '4 wheeler', 25.4, 9, 'Hyundai', 31710, 32710, 771201, 'GTX-450100', '30206');
INSERT INTO t3_VEHICLE VALUES    ('30711', '6929295', 'CH 32 KP 0235', 2500000, '4 wheeler', 25.4, 8, 'Audi', 31711, 32711, 881101, 'GTX-343100', '30211');
INSERT INTO t3_VEHICLE VALUES    ('30704', '2487318', 'MP 27 LO 1161', 46990, '2 wheeler', 19.4, 2, 'Hero', 31712, 32712, 998641, 'GTX-3450100', '30212');
INSERT INTO t3_VEHICLE VALUES    ('30713', '4321694', 'UP 18 MN 2120', 700000, '4 wheeler', 12.4, 4, 'Maruti', 31713, 32713, 459110, 'GTX-5554100', '30220');
INSERT INTO t3_VEHICLE VALUES    ('30719', '9462426', 'WB 89 AB 3343', 150000, '2 wheeler', 19.4, 2, 'Honda', 31714, 32714, 488101, 'GTX-534100', '30209');
INSERT INTO t3_VEHICLE VALUES    ('30709', '2567548', 'UP 45 CD 4634', 1100000, '4 wheeler', 15.4, 4, 'Ford', 31715, 32715, 98101, 'GTX-5002300', '30204');
INSERT INTO t3_VEHICLE VALUES    ('30716', '3794133', 'UK 46 EF 7525', 170000, '2 wheeler', 19.4, 2, 'Kawasaki', 31716, 32716, 999901, 'GTX-2340100', '30202');
INSERT INTO t3_VEHICLE VALUES    ('30707', '2855545', 'UK 89 GH 2646', 800000, '4 wheeler', 12.4, 4, 'Volkswagon', 31717, 32717, 279101, 'GTX-000100', '30205');
INSERT INTO t3_VEHICLE VALUES    ('30718', '4454729', 'HP 56 HI 3727', 90000, '2 wheeler', 15.4, 2, 'Hero', 31718, 32718, 191877, 'GTX-430100', '30215');
INSERT INTO t3_VEHICLE VALUES    ('30714', '5443366', 'DL 24 JK 6158', 650000, '4 wheeler', 12.4, 4, 'Maruti', 31718, 32719, 998741, 'GTX-5433100', '30208');
INSERT INTO t3_VEHICLE VALUES    ('30720', '2840844', 'UK 79 LM 2939', 120000, '2 wheeler', 19.4, 2, 'Honda', 31720, 32720, 485631, 'GTX-940100', '30201');
 -- table 8
 
insert into t3_PREMIUM_PAYMENT values (30813 , 23235345 , 400000 ,'2013-12-23' , 30901, 30201 );
insert into t3_PREMIUM_PAYMENT values (30802 , 34423423 , 32000 ,'2019-11-20' ,  30902 ,30217);
insert into t3_PREMIUM_PAYMENT values (30815 , 342355325 , 520000 ,'2013-02-25' ,  30903 , 30215 );
insert into t3_PREMIUM_PAYMENT values (30804 , 4542334 , 400000 , '2019-05-15' , 30904 , 30214 );
insert into t3_PREMIUM_PAYMENT values (30805 , 3434235 , 52000 , '2013-04-13' ,  30905 , 30210 );
insert into t3_PREMIUM_PAYMENT values (30819 , 86575745 , 400000 ,'2019-04-21' ,  30906 , 30206 );
insert into t3_PREMIUM_PAYMENT values (30807 , 74576547 , 3800000 , '2013-09-11' ,  30907 , 30207 );
insert into t3_PREMIUM_PAYMENT values (30808 , 3432443535 , 400000 ,'2019-09-24' , 30908 , 30208 );
insert into t3_PREMIUM_PAYMENT values (30809 , 34234234434 , 360000 , '2013-08-12'  , 30909 , 30209 );
insert into t3_PREMIUM_PAYMENT values (30810 , 534324 , 2800000 , '2019-01-23' , 30910 , 30205 );
insert into t3_PREMIUM_PAYMENT values (30818 , 342343434 , 220000 , '2013-11-17' , 30911 , 30211 );
insert into t3_PREMIUM_PAYMENT values (30812 , 87686867 , 380000 , '2019-12-14' ,  30912 , 30219 );
insert into t3_PREMIUM_PAYMENT values (30801 , 767455436 , 280000 , '2013-10-06' , 30913 , 30213 );
insert into t3_PREMIUM_PAYMENT values (30814 , 6547554 , 4000000 ,'2019-10-09' ,  30914 , 30204 );
insert into t3_PREMIUM_PAYMENT values (30803 , 84567546 , 3500000 ,'2013-05-02' , 30915 , 30203 );
insert into t3_PREMIUM_PAYMENT values (30816 , 53245345 , 380000 , '2019-05-10' , 30916 , 30216 );
insert into t3_PREMIUM_PAYMENT values (30817 , 9567546 , 400000 ,'2019-06-12' ,  30901 , 30202 );
insert into t3_PREMIUM_PAYMENT values (30811 , 45235235 , 520000 ,'2013-06-29' , 30918 , 30218 );
insert into t3_PREMIUM_PAYMENT values (30806 , 8547546 , 3800000 , '2019-02-19' , 30919 , 30212 );
insert into t3_PREMIUM_PAYMENT values (30820 , 34324434 , 400000 ,'2013-11-20' ,30920 , 30220 );

-- table 9

insert into t3_RECEIPT values(30901, '2020-10-12' , 342 , 30813 , 30201 );
insert into t3_RECEIPT values(30902, '2020-01-12' , 324 , 30802 , 30217 );
insert into t3_RECEIPT values(30903, '2020-11-12' , 545, 30815, 30215 );
insert into t3_RECEIPT values(30904, '2020-10-10' , 234 , 30804 , 30214 );
insert into t3_RECEIPT values(30905,'2020-10-20' , 56 , 30805, 30210 );
insert into t3_RECEIPT values(30906, '2020-10-02' , 345 , 30819, 30206 );
insert into t3_RECEIPT values(30907, '2020-10-11' , 467 , 30807 , 30207 );
insert into t3_RECEIPT values(30908, '2020-10-15' , 678 , 30808 , 30208 );
insert into t3_RECEIPT values(30909, '2020-10-13' , 689 , 30809 , 30209 );
insert into t3_RECEIPT values(30910, '2020-10-10' , 567 , 30810 , 30205 );
insert into t3_RECEIPT values(30911, '2020-10-09' , 789 , 30818 , 30211 );
insert into t3_RECEIPT values(30912, '2020-11-12' , 788 , 30812 , 30219 );
insert into t3_RECEIPT values(30913, '2020-09-12' , 456, 30801 , 30213 );
insert into t3_RECEIPT values(30914, '2020-10-12' , 345 , 30814 , 30204 );
insert into t3_RECEIPT values(30915, '2020-11-12' , 345 , 30803 , 30203 );
insert into t3_RECEIPT values(30916, '2020-03-12' , 233 , 30816 , 30216 );
insert into t3_RECEIPT values(30917, '2020-02-12' , 345 , 30817 , 30202 );
insert into t3_RECEIPT values(30918, '2020-03-12' , 444 , 30811 , 30218 );
insert into t3_RECEIPT values(30919, '2020-04-12' , 345 , 30806 , 30212 );
insert into t3_RECEIPT values(30920, '2020-06-12' , 550 , 30820 , 30220 );

-- table 10

INSERT INTO t3_APPLICATION VALUES ('31001', '30701', 'Pending', 'Liability Coverage', '30201');
INSERT INTO t3_APPLICATION VALUES ('31002', '30702', 'Accepted', 'Uninsured And Underinsured Motorist Coverage', '30217');
INSERT INTO t3_APPLICATION VALUES ('31003', '30703', 'Pending', 'Comprehensive Coverage', '30215');
INSERT INTO t3_APPLICATION VALUES  ('31004', '30712', 'Accepted', 'Collision Coverage', '30214');
INSERT INTO t3_APPLICATION VALUES    ('31005', '30705', 'Accepted', 'Medical Payments Coverage', '30210');
INSERT INTO t3_APPLICATION VALUES    ('31006', '30706', 'Pending', 'Personal Injury Protection', '30206');
INSERT INTO t3_APPLICATION VALUES    ('31007', '30717', 'Pending', 'Uninsured And Underinsured Motorist Coverage', '30207');
INSERT INTO t3_APPLICATION VALUES    ('31008', '30708', 'Accepted', 'Liability Coverage', '30208');
INSERT INTO t3_APPLICATION VALUES    ('31009', '30715', 'Rejected', 'Medical Payments Coverage', '30209');
INSERT INTO t3_APPLICATION VALUES    ('31010', '30710', 'Pending', 'Medical Payments Coverage', '30205');
INSERT INTO t3_APPLICATION VALUES    ('31011', '30711', 'Pending', 'Liability Coverage', '30211');
INSERT INTO t3_APPLICATION VALUES    ('31012', '30704', 'Accepted', 'Comprehensive Coverage', '30219');
INSERT INTO t3_APPLICATION VALUES    ('31013', '30713', 'Accepted', 'Uninsured And Underinsured Motorist Coverage', '30213');
INSERT INTO t3_APPLICATION VALUES    ('31014', '30719', 'Accepted', 'Medical Payments Coverage', '30204');
INSERT INTO t3_APPLICATION VALUES    ('31015', '30709', 'Rejected', 'Collision Coverage', '30203');
INSERT INTO t3_APPLICATION VALUES    ('31016', '30716', 'Accepted', 'Liability Coverage', '30216');
INSERT INTO t3_APPLICATION VALUES    ('31017', '30707', 'Accepted', 'Personal Injury Protection', '30202');
INSERT INTO t3_APPLICATION VALUES   ('31018', '30718', 'Pending', 'Personal Injury Protection', '30218');
INSERT INTO t3_APPLICATION VALUES    ('31019', '30714', 'Accepted', 'Comprehensive Coverage', '30212');
INSERT INTO t3_APPLICATION VALUES    ('31020', '30720', 'Rejected', 'Collision Coverage', '30220');


-- table 11
INSERT INTO t3_INSURANCE_POLICY VALUES ('31110','Tyre Protect' ,'35001','2020-02-08', '2022-02-08',  'Coverage against loss of or damage to your vehicle caused by accident,theft,fire,explosion,self-ignition,lightning,riots,strikes or acts of terrorism,natural calamities','31001' ,'30201');
INSERT INTO t3_INSURANCE_POLICY VALUES ('31102','Tyre Protect' ,'35002','2020-03-08', '2022-03-08',  'Coverage against loss of or damage to your vehicle caused by accident,theft,fire,natural calamities','31003' ,'30215');
INSERT INTO t3_INSURANCE_POLICY VALUES    ('31103','Engine Cover' ,'35003','2020-04-08', '2022-04-08',  'Coverage against loss of or damage to your vehicle caused by fire,explosion,self-ignition,lightning,riots,strikes or acts of terrorism,natural calamities','31004' ,'30214');
INSERT INTO t3_INSURANCE_POLICY VALUES    ('31104','Engine Cover' ,'35004','2020-05-01', '2022-05-03',  'Coverage against loss of or damage to your vehicle caused by accident,theft,fire,explosion,self-ignition,lightning,natural calamities','31002', '30217');
INSERT INTO t3_INSURANCE_POLICY VALUES    ('31105','Engine Cover' ,'35005','2020-05-08', '2022-05-08',  'Coverage against loss of or damage to your vehicle caused by accident,fire,explosion,self-ignition,lightning,riots,strikes or acts of terrorism,natural calamities', '31005','30210');
INSERT INTO t3_INSURANCE_POLICY VALUES    ('31114', 'Engine Cover' ,'35006','2020-01-08', '2022-01-08',  'Coverage against loss of or damage to your vehicle caused by accident,theft,fire,explosion,self-ignition,lightning,riots,strikes or acts of terrorism','31002' ,'30217');
INSERT INTO t3_INSURANCE_POLICY VALUES    ('31107', 'Tyre Protect','35007','2020-02-08', '2022-02-08',  'Coverage against loss of or damage to your vehicle caused by accident,theft,fire,explosion,self-ignition,riots,strikes or acts of terrorism,natural calamities','31007' ,'30207');
INSERT INTO t3_INSURANCE_POLICY VALUES    ('31108','Tyre Protect' ,'35008','2020-02-08', '2022-02-08',  'Coverage against loss of or damage to your vehicle caused by accident','31010' ,'30205');
INSERT INTO t3_INSURANCE_POLICY VALUES    ('31109','Tyre Protect','35009','2020-04-08', '2022-03-08',  'Coverage against loss of or damage to your vehicle caused by theft','31009' ,'30209');
INSERT INTO t3_INSURANCE_POLICY VALUES    ('31101', 'Engine Cover','35010','2020-07-08', '2021-01-08',  'Coverage against loss of or damage to your vehicle caused by riots,strikes','31008' ,'30208');
INSERT INTO t3_INSURANCE_POLICY VALUES    ('31111','Tyre Protect','35011','2020-02-08', '2021-02-08',  'Coverage against loss of or damage to your vehicle caused by natural calamities','31011' ,'30211');
INSERT INTO t3_INSURANCE_POLICY VALUES    ('31112','Engine Cover' ,'35012','2020-12-08', '2022-12-08',  'Coverage against loss of or damage to your vehicle caused by accident also for the legal liability for the damage you may cause to a third party property - while using your vehicle ','31014' ,'30204');
INSERT INTO t3_INSURANCE_POLICY VALUES    ('31119','Engine Cover' ,'35013','2020-07-08', '2022-07-08',  'Coverage against loss of or damage to your vehicle caused by natural calamities','31019' ,'30212');
INSERT INTO t3_INSURANCE_POLICY VALUES    ('31106', 'Engine Cover','35014','2020-05-08', '2022-08-20',  'Coverage against loss of or damage to your vehicle caused by natural calamities','31012' ,'30219');
INSERT INTO t3_INSURANCE_POLICY VALUES    ('31115', 'Engine Cover','35015','2020-09-08', '2022-01-08',  'Coverage against loss of or damage to your vehicle caused by accident also for the legal liability for the damage you may cause to a third party property - while using your vehicle','31011' ,'30211');
INSERT INTO t3_INSURANCE_POLICY VALUES    ('31116', 'Engine Cover','35016','2020-11-08', '2022-11-08',  'Liability Coverage','31016' ,'30216');
INSERT INTO t3_INSURANCE_POLICY VALUES    ('31117','Engine Cover', '35017','2020-10-08', '2022-12-08',  'Coverage against loss of or damage to your vehicle caused by accident,theft,fire,natural calamities','31017' ,'30202');
INSERT INTO t3_INSURANCE_POLICY VALUES    ('31118', 'Engine Cover','35018','2020-02-08', '2022-01-08',  'Coverage against loss of or damage to your vehicle caused by accident also for the legal liability for the damage you may cause to a third party property - while using your vehicle','31015' ,'30203');
INSERT INTO t3_INSURANCE_POLICY VALUES    ('31113','Engine Cover' ,'35019','2020-02-08', '2021-02-08',  'Coverage against loss of or damage to your vehicle caused by accidente','31014' ,'30204');
INSERT INTO t3_INSURANCE_POLICY VALUES    ('31120','Engine Cover', '35020','2020-05-08', '2021-02-08',  'Coverage against loss of or damage to your vehicle caused by natural calamities','31017' ,'30202');

-- table 12



INSERT INTO t3_POLICY_RENEWABLE VALUES
	('31201','2022-10-08', 'Online',  '31103','31004' ,'30214'),
    ('31202','2024-02-08', 'Online',  '31104','31002' ,'30217'),
    ('31203','2024-11-08', 'Offline',  '31102','31003' ,'30215'),
    ('31204','2024-06-08', 'Offline',  '31110','31001' ,'30201'),
    ('31205','2024-02-08', 'Online',  '31105','31005' ,'30210'),
    ('31206','2023-04-08', 'Online',  '31107','31007' ,'30207'),
    ('31207','2023-02-08', 'Online',  '31108','31010' ,'30205'),
    ('31208','2022-02-08', 'Online',  '31114','31002' ,'30217'),
    ('31209','2025-02-08', 'Offline',  '31109','31009' ,'30209'),
    ('31210','2025-07-08', 'Offline',  '31119','31019' ,'30212'),
    ('31211','2025-02-08', 'Online',  '31111','31011' ,'30211'),
    ('31212','2025-08-08', 'Online',  '31101','31008' ,'30208'),
    ('31213','2025-02-08', 'Online',  '31112','31014' ,'30204'),
    ('31214','2025-02-08', 'Online',  '31106','31012' ,'30219'),
    ('31215','2025-09-08', 'Online',  '31116','31016' ,'30216'),
    ('31216','2023-02-08', 'Online',  '31115','31011' ,'30211'),
    ('31217','2022-10-08', 'Online',  '31120','31017' ,'30202'),
    ('31215','2021-02-08', 'Offline',  '31113','31014' ,'30204'),
    ('31216','2021-11-08', 'Offline',  '31113','31014' ,'30204'),
    ('31217','2021-02-08', 'Offline',  '31112','31014' ,'30204'),
    ('31218','2021-11-08', 'Offline',  '31106','31012' ,'30219'),
    ('31219','2025-05-08', 'Offline',  '31115','31011' ,'30211'),
    ('31220','2022-07-08', 'Offline',  '31116','31016' ,'30216');

 -- table 13

INSERT INTO t3_MEMBERSHIP VALUES('31301', '317XXXPLT111341', '9456789210', '30201');
INSERT INTO t3_MEMBERSHIP VALUES('31302', '317XXXSIL121096', '9456789210', '30217');
INSERT INTO t3_MEMBERSHIP VALUES('31303', '317XXXSIL120411', '9456789210', '30215');
INSERT INTO t3_MEMBERSHIP VALUES('31304', '317XXXGLD163014', '9456789210', '30214');
INSERT INTO t3_MEMBERSHIP VALUES('31305', '317XXXSIL171209', '9456789210', '30210');
INSERT INTO t3_MEMBERSHIP VALUES('31306', '317XXXPLT110292', '9456789210', '30206');
INSERT INTO t3_MEMBERSHIP VALUES('31307', '317XXXGLD123220', '9456789210', '30207');
INSERT INTO t3_MEMBERSHIP VALUES('31308', '317XXXSIL456238', '9456789210', '30208');
INSERT INTO t3_MEMBERSHIP VALUES('31309', '317XXXSIL380492', '9456789210', '30209');
INSERT INTO t3_MEMBERSHIP VALUES('31310', '317XXXPLT195029', '9456789210', '30205');
INSERT INTO t3_MEMBERSHIP VALUES('31311', '317XXXGLD892238', '9456789210', '30211');
INSERT INTO t3_MEMBERSHIP VALUES('31312', '317XXXGLD983432', '9456789210', '30219');
INSERT INTO t3_MEMBERSHIP VALUES('31313', '317XXXSIL549138', '9456789210', '30213');
INSERT INTO t3_MEMBERSHIP VALUES('31314', '317XXXSIL009229', '9456789210', '30204');
INSERT INTO t3_MEMBERSHIP VALUES('31315', '317XXXSIL857823', '9456789210', '30203');
INSERT INTO t3_MEMBERSHIP VALUES('31316', '317XXXSIL839447', '9456789210', '30216');
INSERT INTO t3_MEMBERSHIP VALUES('31317', '317XXXGLD047882', '9456789210', '30202');
INSERT INTO t3_MEMBERSHIP VALUES('31318', '317XXXPLT063702', '9456789210', '30218');
INSERT INTO t3_MEMBERSHIP VALUES('31319', '317XXXSIL518881', '9456789210', '30212');
INSERT INTO t3_MEMBERSHIP VALUES('31320', '317XXXPLT012883', '9456789210', '30220'); 
 
-- table 14

INSERT INTO t3_QUOTE VALUES
    ('31401', '2020-02-08', '2020-02-08', '2025-02-08',  'Honda Activa', 'T3KSHD345', '5000', '31001', '30201'),
    ('31412', '2017-04-01', '2017-04-01', '2023-04-01',  'Honda Activa 125', 'T3EION8500', '3000', '31002', '30217'),
    ('31403', '2020-06-08', '2020-06-08', '2026-06-08',  'Maruti Suzuki Alto', 'T3BRUH420', '9000', '31003', '30215'),
    ('31404', '2014-09-29', '2014-09-29', '2021-09-29',  'Honda Activa 6G', 'T3LISR699', '3000', '31004', '30214'),
    ('31405', '2019-07-04', '2019-07-04', '2024-07-04',  'Volkswagen Beetle', 'T3LSHI374', '9000', '31005', '30210'),
    ('31406', '2020-12-09', '2020-12-09', '2025-12-09',  'Mahindra XUV500', 'T3LSEI236', '5000', '31006', '30206'),
    ('31417', '2020-10-23', '2020-10-23', '2025-10-23',  'Skoda Rapid', 'T3KENS902', '9000', '31007', '30207'),
    ('31408', '2019-05-29', '2019-05-29', '2024-05-29',  'Volvo XC90', 'T3EHIV234', '5000', '31008', '30208'),
    ('31409', '2016-11-06', '2016-11-06', '2021-11-06',  'Toyota Urban Cruiser', 'T3QEID230', '9000', '31009', '30209'),
    ('31410', '2020-09-08', '2020-09-08', '2026-09-08',  'Honda Activa 6G standard', 'T3QEWN382', '6000', '31010', '30205'),
    ('31411', '2020-07-10', '2020-07-10', '2025-07-10',  'EVehicle Air 20 T Folding Bikes/Folding Cycle', 'T3TYST969', '4000', '31011', '30211'),
    ('31419', '2013-12-10', '2013-12-10', '2023-12-10',  'Husqvarna Svartpilen 250', 'T3BSDK133', '9000', '31012', '30219'),
    ('31413', '2017-01-02', '2017-01-02', '2022-01-02',  'TVS XL100', 'T3SALE387', '2000', '31013', '30213'),
    ('31414', '2013-11-10', '2013-11-10', '2023-11-10',  'Bianchi C-sport Cross 29 T Hybrid Cycle', 'T3CHOU392', '6000', '31014', '30204'),
    ('31415', '2019-02-09', '2019-02-09', '2025-02-09', 'Royal Enfield Classic 350', 'T3LEOW783', '9000', '31015', '30203'),
    ('31416', '2013-10-06', '2013-10-06', '2024-10-06', 'Honda Activa 125', 'T3KJEI280', '3000', '31016', '30216'),
    ('31407', '2013-04-28', '2013-04-28', '2023-04-28',  'Bajaj Pulsar 150', 'T3FCUK038', '5000', '31017', '30202'),
    ('31418', '2020-06-11', '2020-06-11', '2025-06-11',  'Suzuki Access 125', 'T3JAIM021', '5000', '31018', '30218'),
    ('31412', '2017-03-03', '2017-03-03', '2022-03-03',  'TVS NTORQ', 'T3BOLW938', '5000', '31019', '30212'),
    ('31420', '2016-05-04', '2016-05-04', '2021-05-04',  'TVS Jupiter', 'T3DUMA327', '5000', '31020', '30220');
    
-- table 15
insert into t3_STAFF values ('31501','Vishesh','Bhatt','Haldwani',7395480389,'M','Married','Indian','Btech',100000, 35013451,' Bajaj Allianz Vehicle Insurance Company Limited' );
insert into t3_STAFF values ('31502','Srinivas','Reddy','Hyderabad',9408952431,'M','Divorced','Indian','Btech',70000, 35013452,'HDFC Vehicle Insurance Company Limited' );
insert into t3_STAFF values ('31503','Lucky','Ali','Karimnagar',9705539530,'M','Single','Indian','Bsc',20000, 35013453, ' Bajaj Allianz Vehicle Insurance Company Limited');
insert into t3_STAFF values ('31504','Shubham','Sharma','Nalagonda',9963699981,'M','Married','Indian','Bcom',10000, 35013454, ' Bajaj Allianz Vehicle Insurance Company Limited');
insert into t3_STAFF values ('31505','Deeksha','Pathak','Agra',9052442045,'F','Married','Indian','Btech',50000, 35013455, 'HDFC Vehicle Insurance Company Limited' );
insert into t3_STAFF values ('31506','Balwant','Rai','Faridabad',9885240946,'M','Married','Indian','MBA',37000, 35013456, 'Max Vehicle Insurance Company Limited');
insert into t3_STAFF values ('31507','Krishna','Raj','Ayodhya',9148221379,'M','Married','Indian','Btech',18000, 35013457, 'Max Vehicle Insurance Company Limited');
insert into t3_STAFF values ('31508','Rama','Bandhu','Bangalore',9573797603,'M','Married','Indian','Btech',11000, 35013458, ' Bajaj Allianz Vehicle Insurance Company Limited');
insert into t3_STAFF values ('31509','Preeti','Rai','Hyderabad',9833892847,'F','Married','Indian','Btech',12500, 35013459, 'Max Vehicle Insurance Company Limited');
insert into t3_STAFF values ('31510','Kamal','Kaushik','Patna',9440990901,'M','Married','Indian','Btech',7000, 35013460,'HDFC Vehicle Insurance Company Limited'  );
insert into t3_STAFF values ('31511','Rai','Singh','Bhatinda',9553363049,'M','Married','Indian','MBA',86000, 35013461, 'HDFC Vehicle Insurance Company Limited' );
insert into t3_STAFF values ('31512','Dhvani','Krishna','Hyderabad',9246191987,'F','Married','Indian','Finance',76000, 35013462, 'Max Vehicle Insurance Company Limited');
insert into t3_STAFF values ('31513','Shaimak','Davar','Delhi',9885971114,'M','Married','Indian','Btech',80000, 35013463, ' Bajaj Allianz Vehicle Insurance Company Limited');
insert into t3_STAFF values ('31514','Jay','Bista','Mumbai',8885066096,'M','Married','Indian','MBA',56000, 35013464, 'Max Vehicle Insurance Company Limited');
insert into t3_STAFF values ('31515','Nikita','Rai','Hyderabad',9985050666,'F','Married','Indian','Bcom',37000, 35013465, 'HDFC Vehicle Insurance Company Limited' );
insert into t3_STAFF values ('31516','Mounika','Singh','Delhi',9490215699,'F','Married','Indian','Btech',62000, 35013466, 'HDFC Vehicle Insurance Company Limited' );
insert into t3_STAFF values ('31517','Vijay','Raj','Agra',9963293026,'M','Married','Indian','Bcom',14000, 35013467, 'HDFC Vehicle Insurance Company Limited' );
insert into t3_STAFF values ('31518','Venkat','Phanindra','Hyderabad',9032953400,'M','Married','Indian','Btech',19000, 35013468, ' Bajaj Allianz Vehicle Insurance Company Limited');
insert into t3_STAFF values ('31519','Narayan','Murthy','Bangalore',9494548845,'M','Married','Indian','Btech',45000, 35013469,'Max Vehicle Insurance Company Limited' );
insert into t3_STAFF values ('31520','Naresh','Kohli','Jalandhar',9963416329,'M','Married','Indian','Btech',34000, 35013470, 'Max Vehicle Insurance Company Limited');





-- table 16

INSERT INTO t3_NOK values ('31601','Abhigyan','Hyderabad','9541284125','Male', 'Single','31110' ,'31001' ,'30201');
INSERT INTO t3_NOK values ('31602','Nishita','Bangalore','9871284354','Female', 'Married', '31102', '31003','30215');
INSERT INTO t3_NOK values('31603','Udita','Pune','8274141254','Female', 'Married', '31103', '31004','30214');
INSERT INTO t3_NOK values('31604','Krishna','Mumbai','8423652322','Male', 'Single', '31104', '31002','30217');
INSERT INTO t3_NOK values('31605','Abhishek','Kolkata','7541265455','Male', 'Divorced','31105' ,'31005' ,'30210');
INSERT INTO t3_NOK values('31606','Harshit','Pune','8741236525','Male', 'Divorced','31114' , '31002','30217');
INSERT INTO t3_NOK values('31607','Aisha','Vadodara','8296321466','Female', 'Single','31107' ,'31007' ,'30207');
INSERT INTO t3_NOK values('31608','Divya','Bangalore','9563214552','Female', 'Married','31108' , '31010','30205');
INSERT INTO t3_NOK values('31609','Kritika','New Delhi','7851254125','Female', 'Single', '31109','31009' ,'30209');
INSERT INTO t3_NOK values('31610','Shubham','Hyderabad','7963214502','Male', 'Single', '31101', '31008','30208');
INSERT INTO t3_NOK values('31611','Maurya','Mumbai','8604154632','Male', 'Married', '31111','31011' ,'30211');
INSERT INTO t3_NOK values('31612','Michael','Bangalore','6387908561','Male', 'Single', '31112', '31014','30204');
INSERT INTO t3_NOK values('31613','Jagrut','Pune','7507081126','Male', 'Divorced', '31119','31019' ,'30212');
INSERT INTO t3_NOK values('31614','Rhea','Chennai','8007796961','Female', 'Single', '31106', '31012','30219');
INSERT INTO t3_NOK values('31615','Shivangi','Chennai','9845106575','Female', 'Single', '31115','31011' ,'30211');
INSERT INTO t3_NOK values('31616','Aakash','Mumbai','7321463262','Male', 'Married', '31116','31016' ,'30216');
INSERT INTO t3_NOK values('31617','Shrishti','Hyderabad','8952036512','Female', 'Single', '31117','31017' ,'30202');
INSERT INTO t3_NOK values('31618','Chunky','Bangalore','9267412365','Male', 'Married','31118' , '31015','30203');
INSERT INTO t3_NOK values('31619','Seema','Jabalpur','7845201569','Female', 'Single','31113' ,'31014' ,'30204');
INSERT INTO t3_NOK values('31620','Aditi','Chennai','7845101569','Female', 'Single','31113' ,'31014' ,'30204');   
 -- table 17
 
 INSERT INTO t3_PRODUCT values
('31701', '40000','Bike Insurance/Two Wheeler','Birla Sun Vehicle Insurance Company Limited' ),
('31702', '120000','Car Insurance', 'Kotak Vehicle Insurance Company Limited'),
('31703', '20000','Two Wheeler-Economy','Kotak Vehicle Insurance Company Limited' ),
('31704', '80000','Car Insurance-Economy','Birla Sun Vehicle Insurance Company Limited' ),
('31705', '90000','Two Wheeler-Luxury', 'Kotak Vehicle Insurance Company Limited'),
('31706', '200000','Car Insurance-Luxury', 'Kotak Vehicle Insurance Company Limited'),
('31707', '4000','Two Wheeler- Topup', 'Birla Sun Vehicle Insurance Company Limited'),
('31708', '1000','Two Wheeler- Topup Economy','SBI Vehicle Insurance Company Limited' ),
('31709', '10000','Car Insurance-Topup', 'SBI Vehicle Insurance Company Limited'),
('31710', '40000','Bike Insurance/Two Wheeler', 'Kotak Vehicle Insurance Company Limited'),
('31711', '40000','Bike Insurance/Two Wheeler','Birla Sun Vehicle Insurance Company Limited' ),
('31712', '40000','Bike Insurance/Two Wheeler', 'SBI Vehicle Insurance Company Limited'),
('31713', '40000','Car Insurance-Economy','SBI Vehicle Insurance Company Limited' ),
('31714', '40000','Electric Vehicle Insurance', 'Birla Sun Vehicle Insurance Company Limited'),
('31715', '40000','Bike Insurance/Two Wheeler', 'SBI Vehicle Insurance Company Limited'),
('31716', '40000','Electric Vehicle Insurance', 'SBI Vehicle Insurance Company Limited'),
('31717', '40000','Bike Insurance/Two Wheeler', 'Birla Sun Vehicle Insurance Company Limited'),
('31718', '40000','Bike Insurance/Two Wheeler', 'Kotak Vehicle Insurance Company Limited'),
('31719', '40000','Bike Insurance/Two Wheeler', 'Birla Sun Vehicle Insurance Company Limited'),
('31720', '40000','Bike Insurance/Two Wheeler', 'Birla Sun Vehicle Insurance Company Limited'),
('31721', '40000','Car Insurance', 'Birla Sun Vehicle Insurance Company Limited');


 -- table 18
 
INSERT INTO t3_OFFICE VALUES ('ABC', 'Vishesh Bhatt', '1212121212', 'Lucknow', '1200000','31501', 'Legal Department', '30506', 'Kotak Vehicle Insurance Company Limited');
INSERT INTO t3_OFFICE VALUES ('CDE', 'Srinivas Reddy', '2323232323', 'Bangalore', '1300000','31502','Legal Department', '30506', 'Kotak Vehicle Insurance Company Limited');
INSERT INTO t3_OFFICE VALUES('EFG', 'Lucky Ali', '5858585858', 'Bangalore', '1400000','31503', 'Legal Department', '30504','ICICI Prudential Vehicle Insurance Company Limited'); 
INSERT INTO t3_OFFICE VALUES('GHI', 'Shubham Sharma', '3131311333', 'Jabalpur', '1500000','31504','Audit Department', '30507','SBI Vehicle Insurance Company Limited');
INSERT INTO t3_OFFICE VALUES('IJK', 'Deeksha Pathak', '4747474747', 'Mumbai', '1600000','31505', 'Underwriting Department', '30501', ' Bajaj Allianz Vehicle Insurance Company Limited'); 
INSERT INTO t3_OFFICE VALUES('KLM', 'Balwant Rai', '3245678541', 'Mumbai', '1700000','31506', 'Reinsurance Department', '30510', ' Canara HSBC Oriental Bank of Commerce LIC Limited');
INSERT INTO t3_OFFICE VALUES('MNO', 'Krishna Raj', '8769543211', 'Pune', '1800000','31507', 'Claims Department', '30502', 'Birla Sun Vehicle Insurance Company Limited'); 
INSERT INTO t3_OFFICE VALUES('OPQ', 'Rama Bandhu', '2341675897', 'Hyderbad', '1900000','31508', 'Claims Department', '30502', 'Birla Sun Vehicle Insurance Company Limited'); 
INSERT INTO t3_OFFICE VALUES('QRS', 'Preeti Rai', '9876987652', 'Hyderbad', '1100000','31509', 'Reinsurance Department', '30510', ' Canara HSBC Oriental Bank of Commerce LIC Limited'); 
INSERT INTO t3_OFFICE VALUES('STU', 'Kamal Kaushik', '4356273891', 'Delhi', '1000000','31510', 'Audit Department', '30507', 'SBI Vehicle Insurance Company Limited'); 
INSERT INTO t3_OFFICE VALUES('UVW', 'Rai Singh', '678781155', 'Pune', '1250000','31511', 'Legal Department', '30504','ICICI Prudential Vehicle Insurance Company Limited');
INSERT INTO t3_OFFICE VALUES('WXY', 'Dhvani Krishna', '98483356733', 'Lucknow', '1340000','31512', 'Actuarial and Statistical Department', '30515', 'Shriram Vehicle Insurance Company Limited'); 
INSERT INTO t3_OFFICE VALUES('YZA', 'Shaimak Davar', '8900678456', 'Chennai', '1780000','31513', 'Underwriting Department', '30501', ' Bajaj Allianz Vehicle Insurance Company Limited'); 
INSERT INTO t3_OFFICE VALUES('BCD', 'Jay Bista', '5678904357', 'Bangalore', '1560000','31514', 'Legal Department', '30504','ICICI Prudential Vehicle Insurance Company Limited'); 
INSERT INTO t3_OFFICE VALUES('DEF', 'Nikita Rai', '9090887766', 'Bangalore', '1650000','31515', 'Actuarial and Statistical Department', '30515', 'Shriram Vehicle Insurance Company Limited'); 
INSERT INTO t3_OFFICE VALUES('FGH', 'Mounika Singh', '142543678', 'Hyderbad', '1870000','31516', 'Reinsurance Department', '30510', ' Canara HSBC Oriental Bank of Commerce LIC Limited');
INSERT INTO t3_OFFICE VALUES('HIJ', 'Vijay Raj', '7117171717', 'Chennai', '1110000','31517', 'Actuarial and Statistical Department', '30515', 'Shriram Vehicle Insurance Company Limited'); 
INSERT INTO t3_OFFICE VALUES('JKL', 'Venkat Phanindra', '8484884484', 'Kerala', '1670000','31518', 'Actuarial and Statistical Department', '30515', 'Shriram Vehicle Insurance Company Limited'); 
INSERT INTO t3_OFFICE VALUES('LMN', 'Narayan Murthy', '9801111111', 'Delhi', '1930000','31519','Underwriting Department', '30501', ' Bajaj Allianz Vehicle Insurance Company Limited');
INSERT INTO t3_OFFICE VALUES('NOP', 'Naresh Kohli', '6666000222', 'Lucknow', '1850000','31520', 'Legal Department', '30504','ICICI Prudential Vehicle Insurance Company Limited');

-- table 19

INSERT INTO t3_COVERAGE VALUES ('31901', '410000', 'Liability', 'HIGH', 'TS5001', 'When accident takes place before your fault', '1 Year', 'Birla Sun Vehicle Insurance Company Limited'),
('31918', '520000', 'Collision', 'HIGH', 'TRS998', 'Bear your car repair expenses after the accident', '8 Months', 'SBI Vehicle Insurance Company Limited'),
('31903', '630000', 'Personal Injury', 'LOW', 'TYU887', 'Personal injury protection will cover all the costs associated with the accident', '8 Months', 'Birla Sun Vehicle Insurance Company Limited'),
('31913', '40000', 'Liability', 'LOW', 'TS5455', 'When accident takes place before your fault', '2 Years', 'SBI Vehicle Insurance Company Limited'),
('31916', '150000', 'Comprehensive', 'LOW', 'TRYU78', 'Includes all kinds of risk factors that are associated with your vehicle, driver, passengers, third-party vehicle, third-party driver, third-party vehicle passengers and third-party property', '8 Months', 'SBI Vehicle Insurance Company Limited'),
('31904', '160000', 'Personal Injury', 'HIGH', 'TVB009', 'Personal injury protection will cover all the costs associated with the accident', '13 Months', 'Reliance Vehicle Insurance Company Limited'),
('31907', '170000', 'Liability', 'MEDIUM', 'TSC456', 'When accident takes place before your fault', '18 Months', 'Birla Sun Vehicle Insurance Company Limited'),
('31908', '180000', 'Collision', 'MEDIUM', 'TRS324', 'Bear your car repair expenses after the accident', '15 Months', 'Reliance Vehicle Insurance Company Limited'),
('31910', '190000', 'Personal Injury', 'LOW', 'TFGH76', 'Personal injury protection will cover all the costs associated with the accident', '5 Months', 'Birla Sun Vehicle Insurance Company Limited'),
('31911', '199000', 'Comprehensive', 'LOW', 'YUHG76', 'Include all kinds of risk factors that are associated with your vehicle, driver, passengers, third-party vehicle, third-party driver, third-party vehicle passengers and third-party property', '8 Months', 'Reliance Vehicle Insurance Company Limited'),
('31912', '123000', 'Liability', 'MEDIUM', 'FGH876', 'When accident takes place before your fault', '1 Year', 'Kotak Vehicle Insurance Company Limited'),
('31906', '156000', 'Collision', 'MEDIUM', 'TRE007', 'Bear your car repair expenses after the accident', '1 Months', 'Kotak Vehicle Insurance Company Limited'),
('31914', '543000', 'Liability', 'HIGH', 'RE4562', 'When accident takes place before your fault', '3 Years', 'SBI Vehicle Insurance Company Limited'),
('31915', '687000', 'Liability', 'MEDIUM', 'NBH654', 'When accident takes place before your fault', '1 Year', 'SBI Vehicle Insurance Company Limited'),
('31905', '653000', 'Liability', 'MEDIUM', 'ASH123', 'When accident takes place before your fault', '18 Months', 'Birla Sun Vehicle Insurance Company Limited'),
('31917', '666000', 'Comprehensive', 'LOW', 'OKI987', 'Include all kinds of risk factors that are associated with your vehicle, driver, passengers, third-party vehicle, third-party driver, third-party vehicle passengers and third-party property', '8 Months', 'Kotak Vehicle Insurance Company Limited'),
('31902', '677000', 'Comprehensive', 'LOW', 'ALO276', 'Include all kinds of risk factors that are associated with your vehicle, driver, passengers, third-party vehicle, third-party driver, third-party vehicle passengers and third-party property', '8 Months', 'Kotak Vehicle Insurance Company Limited'),
('31919', '112000', 'Liability', 'HIGH', 'TSV555', 'When accident takes place before your fault', '15 Months', 'Kotak Vehicle Insurance Company Limited'),
('31920', '197000', 'Collision', 'LOW', 'TBH777', 'Bear your car repair expenses after the accident', '1 Year', 'Birla Sun Vehicle Insurance Company Limited');

-- table 20

INSERT INTO t3_INSURANCE_POLICY_COVERAGE VALUES
	( '31110','31001', '30201',31901,"Birla Sun Vehicle Insurance Company Limited" ), 
    ( '31104','31002', '30217',31903,"Birla Sun Vehicle Insurance Company Limited"),
    ( '31114','31002', '30217',31907,"Birla Sun Vehicle Insurance Company Limited"),
    ( '31102','31003', '30215',31910,"Birla Sun Vehicle Insurance Company Limited"),
    ( '31103','31004', '30214',31905,"Birla Sun Vehicle Insurance Company Limited"),
    ( '31105','31005', '30210',31920,"Birla Sun Vehicle Insurance Company Limited"),
    ( '31107','31007', '30207',31912,"Kotak Vehicle Insurance Company Limited"),
    ( '31101','31008', '30208',31906,"Kotak Vehicle Insurance Company Limited"),
    ( '31109','31009', '30209',31917,"Kotak Vehicle Insurance Company Limited"),
    ( '31108','31010', '30205',31902,"Kotak Vehicle Insurance Company Limited"),
    ( '31111','31011', '30211',31919,"Kotak Vehicle Insurance Company Limited"),
    ( '31115','31011', '30211',31904,"Reliance Vehicle Insurance Company Limited"),
    ( '31106','31012', '30219',31908,"Reliance Vehicle Insurance Company Limited"),
    ( '31112','31014', '30204',31911,"Reliance Vehicle Insurance Company Limited"),
    ( '31113','31014', '30204',31918,"SBI Vehicle Insurance Company Limited"),
    ( '31118','31015', '30203',31913,"SBI Vehicle Insurance Company Limited"),
    ( '31116','31016', '30216',31916,"SBI Vehicle Insurance Company Limited"),
    ('31117' ,'31017', '30202',31914,"SBI Vehicle Insurance Company Limited"),
    ( '31120','31017', '30202',31915,"SBI Vehicle Insurance Company Limited");
    
 -- table 21
INSERT INTO t3_CLAIM VALUES
	('32101','32001' ,'500000','30105' ,'Windshield damage','2021-03-03','Approved','30217'),
    ('32102','32002' ,'200000','30112' ,'Animal collisions','2023-02-04','Rejected','30214'),
	('32103', '32003','150000','30103' ,'Accident','2020-07-29','Approved','30208'),
	('32104', '32004','180000','30107' ,'Windshield damage','2019-02-23','Pending','30219'),
	('32105', '32005','450000', '30101','Vandalism','2019-03-06','Approved','30204'),
	('32106', '32006','270000','30119' ,'Animal collision','2024-08-23','Pending','30202'),
	('32107', '32007','350000','30104' ,'Accident','2013-12-19','Rejected','30212'),
    ('32108','32008' ,'500000','30105' ,'Windshield damage','2021-05-03','Approved','30217'),
    ('32109','32009' ,'200000','30112' ,'Animal collisions','2023-05-04','Rejected','30214'),
	('32110', '32010','450000','30103' ,'Accident','2020-05-22','Approved','30208'),
	('32111', '32011','180000','30107' ,'Accident','2019-12-20','Pending','30210'),
	('32112', '32012','450000', '30101','Vandalism','2019-06-16','Approved','30204'),
	('32113', '32013','270000','30119' ,'Accident','2024-08-20','Pending','30216'),
	('32114', '32014','550000','30104' ,'Accident','2016-12-19','Rejected','30212'),
	('32115', '32015','450000', '30101','Vandalism','2019-03-09','Approved','30204'),
	('32116', '32016','470000','30119' ,'Animal collision','2024-08-25','Pending','30216'),
	('32117', '32017','450000','30104' ,'Accident','2019-12-19','Rejected','30212'),
	('32118', '32013','450000', '30101','Vandalism','2019-03-06','Approved','30204'),
	('32119', '32019','270000','30119' ,'Animal collision','2024-08-23','Pending','30201'),
	('32120', '32020','350000','30104' ,'Accident','2013-12-19','Rejected','30212');
    
-- table 22

INSERT INTO t3_CLAIM_SETTLEMENT VALUES
	('32201','30708','2017-03-23','500000', '31901', '32102', '30214'),
	('32202','30705','2015-02-20','200000', '31918', '32103','30208'),
	('32203','30702','2019-08-11','150000', '31903', '32105','30204'),
	('32204','30719','2019-03-09','180000', '31913', '32107','30212'),
	('32205','30714','2011-03-15','450000', '31916', '32108','30217'),
	('32206','30716','2013-09-07','270000', '31904', '32109','30214'),
	('32207','30713','2013-12-30','350000', '31907', '32110','30208'),
	('32208','30702','2014-09-29','450000', '31908', '32112','30204'),
	('32209','30711','2015-11-03','190000', '31909', '32114','30212'),
	('32210','30713','2003-02-28','655000', '31910', '32115','30204'),
	('32211','30717','2008-11-24','12000', '31911', '32117','30212'),
	('32212','30720','1999-08-31','400000', '31912', '32118','30204'),
	('32213','30707','2006-04-12','35000', '31906', '32120','30212'),
    ('32214','30711','1993-03-21','5000000', '31920', '32101', '30217');
